timestamp,forecast_horizon_minutes,x_error,y_error,z_error,satclockerror
2025-09-07 00:00:00,15,-2.5192778,-2.090835,-0.5306701,0.58046323
2025-09-07 00:15:00,30,-2.7804992,-2.4175026,-0.532501,0.5806418
2025-09-07 00:30:00,45,-2.5182598,-2.8667228,-0.5359797,0.5809091
2025-09-07 00:45:00,60,-2.1755793,-2.1709425,-0.5359797,0.57980084
2025-09-07 01:00:00,75,-1.6248074,-2.4365675,-0.5315046,0.5800387
2025-09-07 01:15:00,90,-1.3982948,-1.5230398,-0.5311976,0.5802173
2025-09-07 01:30:00,105,-0.874355,-1.4113321,-0.5344683,0.58048457
2025-09-07 01:45:00,120,-0.18330108,-1.4878508,-0.5344683,0.57937634
2025-09-07 02:00:00,135,-0.3695444,-0.5043434,-0.5355482,0.5806401
2025-09-07 02:15:00,150,-0.21076854,-0.28467622,-0.53524125,0.58030236
2025-09-07 02:30:00,165,0.44306386,-0.4834926,-0.53851193,0.5805696
2025-09-07 02:45:00,180,0.8222991,0.26236776,-0.53851193,0.5799777
2025-09-07 03:00:00,195,1.0243008,1.7094558,-0.5355482,0.58126795
2025-09-07 03:15:00,210,1.157949,1.6910075,-0.53524125,0.58142245
2025-09-07 03:30:00,225,1.4654733,1.2049885,-0.53851193,0.5809002
2025-09-07 03:45:00,240,1.1965647,1.3598919,-0.53851193,0.58030826
2025-09-07 04:00:00,255,1.0687524,0.9506685,-0.5359275,0.58126795
2025-09-07 04:15:00,270,1.1682084,0.91225916,-0.5356205,0.58142245
2025-09-07 04:30:00,285,1.6624793,0.98200136,-0.5388912,0.5809002
2025-09-07 04:45:00,300,1.4698976,1.3185381,-0.5388912,0.58030826
2025-09-07 05:00:00,315,1.2696761,1.5442224,-0.5359275,0.5916012
2025-09-07 05:15:00,330,1.5121883,1.5741737,-0.5356205,0.5917557
2025-09-07 05:30:00,345,1.9661752,1.6938851,-0.5388912,0.59123343
2025-09-07 05:45:00,360,1.7945858,1.4018441,-0.5388912,0.5906415
2025-09-07 06:00:00,375,1.4015795,1.0644943,-0.5359275,0.5917936
2025-09-07 06:15:00,390,1.3280665,1.329011,-0.5356205,0.5919481
2025-09-07 06:30:00,405,1.288666,2.1053896,-0.5388912,0.5850731
2025-09-07 06:45:00,420,1.4411786,2.191808,-0.5388912,0.5908339
2025-09-07 07:00:00,435,1.3845303,0.9841266,-0.512874,0.5917936
2025-09-07 07:15:00,450,0.36333317,0.45385665,-0.5137433,0.5919481
2025-09-07 07:30:00,465,-0.23587748,1.2899835,-0.51370054,0.59142584
2025-09-07 07:45:00,480,-0.47044942,0.58253336,-0.51370054,0.5908339
2025-09-07 08:00:00,495,0.23788165,0.16638415,-0.5137681,0.58186775
2025-09-07 08:15:00,510,0.60414165,0.041566838,-0.51463735,0.58202225
2025-09-07 08:30:00,525,0.1473583,0.1566136,-0.5145946,0.5815
2025-09-07 08:45:00,540,0.19152667,0.43032634,-0.5145946,0.5809253
2025-09-07 09:00:00,555,0.329295,-0.122333676,-0.5157798,0.5823474
2025-09-07 09:15:00,570,-0.11265449,0.11718683,-0.51664907,0.5825019
2025-09-07 09:30:00,585,0.12579553,-0.13837884,-0.51660633,0.58197963
2025-09-07 09:45:00,600,0.07413402,0.3399877,-0.5149075,0.5814049
2025-09-07 10:00:00,615,-0.4057743,0.33412215,-0.5194038,0.5820168
2025-09-07 10:15:00,630,-0.34079674,0.049931243,-0.5202731,0.5813818
2025-09-07 10:30:00,645,-0.60422164,0.28582942,-0.51660633,0.58164907
2025-09-07 10:45:00,660,-0.51230127,0.24474189,-0.5149075,0.58107436
2025-09-07 11:00:00,675,-0.53962994,-0.21950972,-0.5202418,0.5820168
2025-09-07 11:15:00,690,-0.46191165,0.2030317,-0.5211111,0.5813818
2025-09-07 11:30:00,705,-0.21467228,0.72844654,-0.5119749,0.58164907
2025-09-07 11:45:00,720,0.594483,1.0947825,-0.5116713,0.58107436
2025-09-07 12:00:00,735,1.7397915,1.9337296,-0.49622628,0.5827009
2025-09-07 12:15:00,750,1.8568032,1.7069671,-0.49810877,0.5820659
2025-09-07 12:30:00,765,2.2760582,2.136219,-0.49066305,0.58233315
2025-09-07 12:45:00,780,1.9528222,2.3867052,-0.48887712,0.58175844
2025-09-07 13:00:00,795,2.2284112,2.6907725,-0.5171611,0.58244133
2025-09-07 13:15:00,810,2.5037897,2.560177,-0.5201682,0.5818063
2025-09-07 13:30:00,825,2.8391712,2.4312,-0.5127223,0.58207357
2025-09-07 13:45:00,840,3.27567,2.6016629,-0.51093644,0.58149886
2025-09-07 14:00:00,855,2.9814377,2.1050172,-0.513391,0.5801602
2025-09-07 14:15:00,870,2.743099,1.5306243,-0.51639813,0.5803222
2025-09-07 14:30:00,885,2.1265085,1.5673313,-0.51341915,0.5805895
2025-09-07 14:45:00,900,1.6738756,1.7646428,-0.5117203,0.57921773
2025-09-07 15:00:00,915,0.52209145,1.0194262,-0.509767,0.5775959
2025-09-07 15:15:00,930,0.14709517,0.17900671,-0.51467085,0.5777579
2025-09-07 15:30:00,945,-0.40508026,0.0020868606,-0.51341915,0.57802516
2025-09-07 15:45:00,960,-0.8132599,-0.058326654,-0.5117203,0.5766534
2025-09-07 16:00:00,975,-0.15996829,-0.015126339,-0.5291256,0.57711625
2025-09-07 16:15:00,990,-0.11680988,-0.24963592,-0.5340294,0.57727826
2025-09-07 16:30:00,1005,-0.3875868,-0.16811374,-0.5327777,0.5775455
2025-09-07 16:45:00,1020,0.3526605,-0.5391978,-0.5327777,0.5761738
2025-09-07 17:00:00,1035,-0.26948494,-0.33960706,-0.5291256,0.57588327
2025-09-07 17:15:00,1050,0.6613823,-0.28280002,-0.5340294,0.5760453
2025-09-07 17:30:00,1065,0.9831101,-0.37199664,-0.5327777,0.57625043
2025-09-07 17:45:00,1080,0.505573,-0.25971907,-0.5327777,0.5749408
2025-09-07 18:00:00,1095,-0.4713158,-1.136311,-0.52357274,0.5749955
2025-09-07 18:15:00,1110,-0.72482795,0.15124421,-0.5270079,0.5751575
2025-09-07 18:30:00,1125,-1.0349274,-0.7036118,-0.51789063,0.57583445
2025-09-07 18:45:00,1140,-1.1532173,0.23109262,-0.51789063,0.57405305
2025-09-07 19:00:00,1155,-0.8660263,-0.54610467,-0.5456285,0.57452095
2025-09-07 19:15:00,1170,-0.5461289,-0.4566455,-0.5493561,0.57468295
2025-09-07 19:30:00,1185,-0.9323293,-1.0161808,-0.5514178,0.5753599
2025-09-07 19:45:00,1200,-1.7106856,-1.9121023,-0.5514178,0.5735785
2025-09-07 20:00:00,1215,-1.4412595,-2.5480936,-0.5456285,0.5707856
2025-09-07 20:15:00,1230,-2.139703,-1.9897592,-0.5493561,0.5719909
2025-09-07 20:30:00,1245,-1.9637837,-2.7199266,-0.5514178,0.57266784
2025-09-07 20:45:00,1260,-2.1182625,-3.5172024,-0.5514178,0.5698431
2025-09-07 21:00:00,1275,-1.2041252,-2.4229615,-0.5230985,0.56836694
2025-09-07 21:15:00,1290,-1.6179587,-1.5715495,-0.52682614,0.56957227
2025-09-07 21:30:00,1305,-1.2423705,-1.3624374,-0.52888787,0.5702492
2025-09-07 21:45:00,1320,-1.0565472,-2.1540084,-0.52888787,0.5666706
2025-09-07 22:00:00,1335,-0.7041207,-1.3763051,-0.52215123,0.5655053
2025-09-07 22:15:00,1350,-0.5203472,-0.02369677,-0.5239821,0.56805044
2025-09-07 22:30:00,1365,-0.41090292,0.5742281,-0.5279406,0.5690603
2025-09-07 22:45:00,1380,-0.6206983,0.21695378,-0.5279406,0.5630011
2025-09-07 23:00:00,1395,-0.3570454,0.33939326,-0.52220297,0.5707076
2025-09-07 23:15:00,1410,-0.46084556,0.41206238,-0.52403384,0.5726097
2025-09-07 23:30:00,1425,-0.5247204,-0.057653673,-0.52751255,0.5761218
