model,horizon_minutes,x_error_AE,y_error_AE,z_error_AE,satclockerror_AE,x_error_cumulative_MAE,y_error_cumulative_MAE,z_error_cumulative_MAE,satclockerror_cumulative_MAE
Hybrid_XGBoost,15,0.17262207433333376,0.02830580466666799,0.35180505500000037,0.05762496066666656,0.17262207433333376,0.02830580466666799,0.35180505500000037,0.05762496066666656
Hybrid_XGBoost,30,0.17320679991666665,0.0792305255416661,0.6743265490000007,0.10856700058333302,0.1729144371250002,0.05376816510416704,0.5130658020000005,0.08309598062499979
Hybrid_XGBoost,45,0.6972523255000009,0.3093194557499994,0.9984958430000003,0.15942031049999983,0.34769373325000047,0.13895192865277783,0.6748758156666671,0.10853742391666647
Hybrid_XGBoost,60,1.3017389510833328,0.6055921140416678,1.3191864370000008,0.21164918041666658,0.5862050377083335,0.2556119750000003,0.8359534710000005,0.1343153630416665
Hybrid_XGBoost,75,2.114316976666667,0.5590983838333337,1.635401931,0.2625319303333332,0.8918274255000004,0.316309256766667,0.9958431630000003,0.15995867649999984
Hybrid_XGBoost,90,2.60263570225,1.6917573536250006,1.955785525,0.31347394024999986,1.1769621382916668,0.5455506062430558,1.155833556666667,0.18554455379166654
Hybrid_XGBoost,105,3.388381627833333,2.022596323416667,2.279746818999999,0.3643272801666668,1.4928792082261906,0.7565571372678574,1.3163925941428574,0.2110849432738094
Hybrid_XGBoost,120,4.341241673416667,2.165208893208333,2.6004374129999994,0.41655612008333354,1.848924516375,0.9326386067604169,1.4768981965,0.23676884037499993
Hybrid_XGBoost,135,4.4168044790000005,3.3678475629999998,2.922207907,0.46641297000000004,2.1342445122222227,1.203217379675926,1.6374881643333334,0.26228485477777774
Hybrid_XGBoost,150,3.9457927193749995,3.0871472595,2.612033270625,0.4487679480000001,2.3153993329375,1.3916103676583336,1.7349426749624999,0.28093316409999997
Hybrid_XGBoost,165,3.96983749975,2.387963396,2.30543626425,0.43051794599999993,2.4658028026477274,1.4821879156893942,1.786805728534091,0.2945317806363636
Hybrid_XGBoost,180,3.719285120125,2.6334562725,1.9955685778750003,0.413127084,2.5702596624375,1.5781269454236113,1.8042026326458334,0.3044147225833333
Hybrid_XGBoost,195,3.2914992004999997,3.580176829,1.6827371615000002,0.393854072,2.625739626903846,1.7321307826217949,1.7948591348653846,0.3112946725384615
Hybrid_XGBoost,210,2.7953597808749997,3.0613610455,1.3725625251250002,0.37571681,2.6378553521875,1.8270758013988095,1.7646950913125001,0.31589625378571423
Hybrid_XGBoost,225,2.4730964612499995,2.0749745619999995,1.0659655187500001,0.35825629800000003,2.626871426125,1.843602385438889,1.7181131198083335,0.3187202567333333
Hybrid_XGBoost,240,1.574400241625,1.7295104784999995,0.7560978323750002,0.34086547599999995,2.56109197709375,1.8364716412552085,1.65798716434375,0.32010433293749996
Hybrid_XGBoost,255,0.816800322,0.819919595,0.443645716,0.32192302400000006,2.458486585617647,1.7766744620637256,1.5865553144411766,0.3202113147647059
Hybrid_XGBoost,270,0.08281733237499989,0.10457359737499994,0.5120362535,0.16415703862499997,2.3265049604375,1.6837799695810185,1.5268598110555558,0.3115416327569444
Hybrid_XGBoost,285,0.5876200867500001,0.5026208602499999,1.4641405229999997,0.007067803250000115,2.2349847039276316,1.6216137006688596,1.523558795894737,0.2955166943618421
Hybrid_XGBoost,300,1.7792754411250002,0.8430207778750001,2.4195154925,0.149951742125,2.2121992407874997,1.5826840545291667,1.568356630725,0.28823844675
Hybrid_XGBoost,315,2.9785705955,1.2942731354999994,3.3778541619999998,0.31885616749999995,2.2486931148214286,1.5689502012420635,1.6545231798333333,0.28969643345238094
Hybrid_XGBoost,330,3.7351320498749994,1.941258493125,4.3335361315,0.476622152875,2.3162585209602273,1.5858733054185605,1.776296495818182,0.2981930570625
Hybrid_XGBoost,345,4.28021880425,2.4984837507499993,5.285640401,0.6337113682499999,2.401648098494565,1.6255520204329712,1.928876665608696,0.31278080972282607
Hybrid_XGBoost,360,0.6083791358409363,3.4674614083749997,6.2410153704999995,0.7907309236250001,2.3269285583839974,1.7022982449305555,2.1085491116458335,0.3326953978020833
Hybrid_XGBoost,375,2.8406883655633934,4.481747866,7.19935404,0.949494509,2.347478950671173,1.8134762297733333,2.31218130878,0.35736736225
Hybrid_XGBoost,390,1.8831771870991736,3.5320956735,6.229000134875,1.3070987105,2.3296211905337887,1.8795769776089744,2.4628281867067305,0.3938954910288462
Hybrid_XGBoost,405,4.906146720249999,2.0705815810000003,5.25506852975,1.657673412,2.4250480620047594,1.8866512221790122,2.5662444957083332,0.44070208069444444
Hybrid_XGBoost,420,3.728769823875,1.2990276884999998,4.284407624625,2.0208839135,2.4716095535001252,1.865664667404762,2.6276074645982144,0.49713714615178567
Hybrid_XGBoost,435,2.7605538275,1.8215735960000001,3.3397639194999997,2.379293315,2.4815731491552935,1.864144285632184,2.652164583732759,0.5620390830086207
Hybrid_XGBoost,450,2.756886661125,1.6667080535000003,2.368233714375,2.7368975165,2.49075026622095,1.8575630778944443,2.6427002214208333,0.634534364125
Hybrid_XGBoost,465,2.3312330147500004,0.1454457109999998,1.3976155692499996,3.093824958,2.4856045484315645,1.8023334854139785,2.6025362003830645,0.713866318766129
Hybrid_XGBoost,480,1.5409406583750005,0.16776035850000004,0.42695466412500005,3.4506827194999996,2.456083801867297,1.7512530751979167,2.534549277375,0.7993918312890624
Hybrid_XGBoost,495,0.192254708,0.10122592400000001,0.543773801,3.799166271,2.3874829202349543,1.7012522524343434,2.474222747787879,0.8902940870378787
Hybrid_XGBoost,510,0.5954703542500001,0.0194234125,0.545728068625,3.887104405875,2.334776668294221,1.6517866983186273,2.417502316047794,0.9784355670036763
Hybrid_XGBoost,525,0.1756426505,0.09979132499999999,0.5467703362499999,3.9743657907500003,2.2730871249286717,1.6074439733666668,2.3640528309107145,1.0640335733964286
Hybrid_XGBoost,540,0.25676666675000004,0.3776720405,0.5478553538750001,4.061574725624999,2.217078223312597,1.573283641898148,2.3136029009930557,1.1472986054027778
Hybrid_XGBoost,555,0.431490643,0.17082,0.5501255715,4.1507804605,2.168819099520365,1.5353792191441442,2.2659413515472973,1.2284737906756755
Hybrid_XGBoost,570,0.026496799250000008,0.0728684815,0.552079859125,4.2387185953749995,2.112442196881671,1.4968920944692983,2.2208397333256578,1.3076907592203946
Hybrid_XGBoost,585,0.3019024655,0.17852921300000002,0.55312213675,4.32597996025,2.066018101205218,1.4630879180213676,2.178077743669872,1.3850827900160256
Hybrid_XGBoost,600,0.2871966017499999,0.3040053025,0.5525083243749999,4.413188865125,2.021547563718838,1.4341108526333333,2.1374385081875,1.46078544189375
Hybrid_XGBoost,615,0.15575607199999997,0.302307728,0.558089642,4.5015844000000005,1.9760404541647196,1.4065058983739838,2.0989178041341465,1.534951270140244
Hybrid_XGBoost,630,0.8143690754999999,0.553797236875,1.5764059883125001,3.9676466140624997,1.9483816118155597,1.3862033111954364,2.0864770466145837,1.5928725878526786
Hybrid_XGBoost,645,1.8013845389999998,0.8898131177500002,2.5901862646250002,3.434611098125,1.9449630752384535,1.3746593532083333,2.0981912144752908,1.6357037159985466
Hybrid_XGBoost,660,2.4330547325,1.5028147056250003,3.6059344809375,2.9007336021875,1.9560560674489431,1.3775719748541666,2.1324581068948865,1.6644543952301136
Hybrid_XGBoost,675,3.183973966,2.5389803735000003,4.62871582725,2.36837325625,1.9833431318611887,1.4033810503796298,2.187930500680556,1.680097036586111
Hybrid_XGBoost,690,3.8298462395,2.6883530113750003,5.6470321735625,1.8344354703124999,2.0234845037663804,1.4313152234447464,2.263128363134511,1.683452219927989
Hybrid_XGBoost,705,4.3061974329999995,2.7348522292500013,6.655343019875,1.301399954375,2.0720528639628406,1.4590500533554964,2.3565797388098404,1.6753234483204786
Hybrid_XGBoost,720,4.220632716499999,2.940430327125,7.672486466187499,0.7675224584374998,2.116814944224031,1.4899121423923611,2.4673277956302084,1.6564109276979166
Hybrid_XGBoost,735,3.7989147800000005,2.6733972849999996,0.864192993316963,0.23584621249999999,2.151143512301092,1.514064900404762,2.4346107588483052,1.6274198110612246
Hybrid_XGBoost,750,2.002760033,4.301934555,1.751260851,0.737468597,2.14817584271507,1.5698222934966668,2.420943760691339,1.6096207867799999
Hybrid_XGBoost,765,0.912592582,0.18690486099999992,1.598019836,0.275301064,2.1239487199559512,1.5427062654084966,2.4048079974620973,1.5834576549607842
Hybrid_XGBoost,780,1.095558661,0.48955395700000026,0.47215584,0.357073886,2.104171988052952,1.5224533364006412,2.3676416098185955,1.5598733517115382
Hybrid_XGBoost,795,1.5610604462621605,1.5146515558794253,8.107700933688694,0.5298930967918147,2.093924600471994,1.5223061329945804,2.475944615929352,1.540439761996072
Hybrid_XGBoost,810,1.3449363631046207,1.6873432116428062,8.752976550748029,1.5239627670538214,2.0800544479281533,1.5253623751917698,2.592185948055624,1.5401346324601042
Hybrid_XGBoost,825,9.419051184,1.211113565209942,1.921911443,5.751146575000001,2.213490752220369,1.5196487604648274,2.5799991388727945,1.6166984859608298
Hybrid_XGBoost,840,4.389852502,4.014775045,0.5515256819999999,0.5476658419999999,2.252354354895005,1.5642045869743841,2.5437763985714943,1.597608617318672
Hybrid_XGBoost,855,1.6188396719999998,1.1628074609999999,2.025534134,0.490158007,2.2412400622126367,1.5571625321327283,2.534684429017609,1.5781796592429058
Hybrid_XGBoost,870,4.662140883,3.992917076,2.689459587,0.598862295,2.2829797315365568,1.59915830013044,2.5373529662242014,1.5612948771007868
Hybrid_XGBoost,885,2.762301698,2.8006332929999997,1.3547369249999999,0.7076445419999999,2.2911038326630555,1.6195222830604326,2.517308626542435,1.5468262273533158
Hybrid_XGBoost,900,0.5946821270000002,0.08159962799999998,2.788682828,0.288006261,2.2628301375686712,1.5938902388094252,2.5218315299000613,1.5258458945807607
Hybrid_XGBoost,915,0.37941041508707374,2.482448701,3.453813414,4.3342962400000005,2.2319544044132353,1.6084567709764837,2.537109921442683,1.5718860641777974
Hybrid_XGBoost,930,0.479268264,0.253226224,0.707030747,0.5652111660000001,2.203685273116248,1.5865982137671855,2.507592515403285,1.5556493722717037
Hybrid_XGBoost,945,3.6541398979999995,0.2686721814,4.487701995,2.893478298,2.2267083624001165,1.5656787529359606,2.539022824603233,1.576884752045169
Hybrid_XGBoost,960,0.9010173639999999,1.714940522,0.10177756699999996,0.43266931799999997,2.205994440550115,1.568010968077586,2.5009408674531826,1.559006385888213
Hybrid_XGBoost,975,1.688212183,2.046830283,1.3201493759999998,0.595656345,2.1980285596647287,1.5753774190763925,2.4827748445077487,1.5441856160283942
Hybrid_XGBoost,990,1.7205716949999998,0.918084022,0.93834541,0.7043332720000001,2.1907943647455657,1.5654184282115986,2.459374398530359,1.5314605805128125
Hybrid_XGBoost,1005,1.425163413,1.170441808,0.128344212,0.14619358900000007,2.1793670371075726,1.5595232547756046,2.4245829032090103,1.5107849537738154
Hybrid_XGBoost,1020,4.750456176,4.40202642,3.862946999,0.8215442439999999,2.2171771715030495,1.6013247719112575,2.4457353163824074,1.500649060983024
Hybrid_XGBoost,1035,0.33439804900000003,0.8480155360000001,6.4467599270000004,0.14453135899999997,2.1898905175537298,1.5904072467531234,2.5037211803044013,1.4809951812441395
Hybrid_XGBoost,1050,0.881701401,1.632562877,2.983566976,0.765246569,2.171202101602962,1.5910094700423645,2.5105761202429098,1.4707702010692234
Hybrid_XGBoost,1065,0.9777539372568727,2.431474476,3.702382671,4.596872371,2.154392972527665,1.6028470053375423,2.527362128000052,1.5147998090964174
Hybrid_XGBoost,1080,3.289639021,1.0892936105,4.036013893,2.6134621080000002,2.1701602787564473,1.595714319298132,2.5483156247361625,1.5300590076923006
Hybrid_XGBoost,1095,0.2846526079999999,0.7359822449999998,4.360440155,0.631416175,2.1443314065543047,1.583937167595418,2.5731392484384066,1.517748831901995
Hybrid_XGBoost,1110,5.652345766573091,0.576788461,4.709318111887277,3.9003102779999996,2.191737006014018,1.5703270499387232,2.602006530376905,1.5499456082006167
Hybrid_XGBoost,1125,3.247263545,1.783338876,0.8210695990000001,0.40840411,2.2058106932004975,1.5731672076195402,2.578260704625213,1.5347250548912752
Hybrid_XGBoost,1140,4.392410434,3.40560314,1.708021623,5.066377079,2.2345817424215437,1.5972782067298095,2.5668101903933023,1.581194160471653
Hybrid_XGBoost,1155,0.662607598,5.644199621,7.65735672,3.8431352399999996,2.2141664937926926,1.6498356276943573,2.6329211842842986,1.610570018647346
Hybrid_XGBoost,1170,0.13468506400000002,0.032750465000000006,2.104243683,0.31401955400000003,2.187506475462017,1.6291037666341732,2.626143267601166,1.5939475767928928
Hybrid_XGBoost,1185,1.213985319,0.6359013710000001,3.7514351630000005,0.7645611990000001,2.1751834228485736,1.6165315844109558,2.6403874688087465,1.5834490150486789
Hybrid_XGBoost,1200,1.681700021,1.8846872399999999,1.6362043929999999,0.341268335,2.1690148803254665,1.619883530105819,2.6278351803611373,1.5679217565480703
Hybrid_XGBoost,1215,4.334630724,5.6305878289999995,3.036412337,0.449723949,2.1957508783955224,1.6693983979934015,2.6328793427887773,1.5541168453437733
Hybrid_XGBoost,1230,6.252162779,6.369211473,3.500863101,0.48198870699999996,2.245219316207772,1.7267131915910428,2.643464510571841,1.541042111949337
Hybrid_XGBoost,1245,5.380343247,7.042020538,3.6958311400000006,0.23454895500000006,2.2829918936871967,1.7907530391381385,2.656143626589048,1.5253012305403089
Hybrid_XGBoost,1260,2.6496470971591526,5.844418927788217,4.374082685188186,0.39506873382040275,2.2873568365856722,1.839010966383973,2.6765952820485612,1.5118460817698338
Hybrid_XGBoost,1275,0.965183670127505,1.1293766721803418,3.683821096629955,4.329717697,2.2718018581567527,1.8306623276286362,2.6884449975142246,1.5449975125372475
Hybrid_XGBoost,1290,3.344409283174459,3.751475050774844,7.0878059780000005,5.27294836,2.2842740375174237,1.852997359293127,2.7396003577524315,1.588345778205419
Hybrid_XGBoost,1305,1.1682629015917951,2.009564764919567,3.6170452410374363,4.079691433,2.271446323311382,1.854796984645155,2.7496859311235236,1.616981935157081
Hybrid_XGBoost,1320,1.7482818088062986,2.2311670436589015,2.331020023704856,0.6689213309769163,2.2655012720101877,1.8590739171339477,2.744928363993766,1.606208519200488
Hybrid_XGBoost,1335,0.39856627950239276,4.3197497697261396,1.1946684387186393,0.5654001881335776,2.244524474341561,1.8867219604215004,2.727509713147978,1.594514043570523
Hybrid_XGBoost,1350,0.44647958899999995,0.22620021099999998,2.773260522,0.40062010000000003,2.224546197837766,1.8682717187612614,2.728018055468556,1.5812485553086282
Hybrid_XGBoost,1365,0.7283365769999999,1.2723653050000001,5.584636779,0.46380355799999995,2.2081043338725155,1.8617232966320165,2.7594094700128577,1.5689689399535882
Hybrid_XGBoost,1380,2.245752708,0.8799019950000001,0.611230608,0.536819595,2.2085135553304234,1.8510513259621035,2.7360596997735875,1.5577499253345275
Hybrid_XGBoost,1395,1.2007953649999998,1.264866268,1.165496675,0.07773245000000001,2.1976778758645046,1.844748260822726,2.719171925313656,1.541835758933081
Hybrid_XGBoost,1410,0.61950732,0.41936763,0.739544644,0.560586014,2.180888827397861,1.8295846370905695,2.69811206061883,1.531396931859325
Hybrid_XGBoost,1425,3.033442512,2.473064605,1.048180802,0.533038656,2.1898630767094622,1.8363581104369844,2.680744363159685,1.5208878973765951
GRU,15,3.8293145743333334,3.3588397046666683,0.3879006049999997,1.3014035506666666,3.8293145743333334,3.3588397046666683,0.3879006049999997,1.3014035506666666
GRU,30,4.097080299916667,3.8026496744583342,0.6776161509999994,1.299236350583333,3.9631974371250003,3.5807446895625015,0.5327583779999996,1.3003199506249998
GRU,45,4.729073125500001,4.359797744250001,0.40366200699999966,1.1533732704999997,4.218489333250001,3.840429041125001,0.4897262543333329,1.2513377239166665
GRU,60,4.958396551083332,4.594102214041668,0.26444636299999924,1.1077901704166666,4.4034661377083335,4.028847334354168,0.4334062814999995,1.2154508355416664
GRU,75,5.289997776666667,4.9647205838333335,0.5641139689999999,1.1561022103333332,4.5807724655,4.216021984250001,0.45954781899999964,1.2035811104999998
GRU,90,5.60106260225,5.384621153625001,0.14672997499999996,1.23340916025,4.750820821625,4.410788512479168,0.4074115116666663,1.208552452125
GRU,105,5.830375827833333,5.254427423416667,0.015623181000000708,1.4727290001666669,4.905042965369048,4.53130835689881,0.35144175014285695,1.2462919589880952
GRU,120,6.266574053416666,5.601735993208333,0.15868988700000042,1.4129315600833336,5.075234351375,4.665111811437501,0.32734776724999987,1.267121909125
GRU,135,6.436980879,5.799179063,0.10463470700000022,1.79954162,5.2265395211111105,4.791119283833335,0.3026018716666666,1.3262796547777778
GRU,150,5.761099459375,4.952859779500001,0.5681349793749999,1.6296857080000002,5.279995514937499,4.8072933334000005,0.3291551824374999,1.3566202601000001
GRU,165,5.16898063975,4.459352996,0.9239559657499998,1.689525316,5.269903253556818,4.775662393636364,0.38322798092045446,1.386884356090909
GRU,180,4.302773720125,4.0191925125,1.2914477521249996,1.3519455439999999,5.1893091257708335,4.712623236875,0.4589129618541665,1.3839727884166668
GRU,195,3.6697900004999995,3.170078829,1.5933670385,1.446051702,5.072423039211539,4.59396597473077,0.5461786600576922,1.3887480894615385
GRU,210,2.3458747808749996,2.6845837455,1.941178724875,1.34150333,4.8776695921875,4.457581529785715,0.6458215218303571,1.3853734637857145
GRU,225,1.9591058612499994,2.171123262,2.0148044112499996,1.372180368,4.6830986767916665,4.3051509786,0.7370870477916666,1.3844939240666667
GRU,240,1.2596608416250001,1.2636775184999993,2.172039897625,1.198037486,4.46913381209375,4.115058887343751,0.8267716009062499,1.3728403966875
GRU,255,0.5523515720000001,0.7018937949999999,2.479665484,1.02600554,4.238734856794117,3.914284470147059,0.9240006528529411,1.3524383462941176
GRU,270,0.6107260323749998,0.2783929373749999,3.0198818535000003,0.8590268586250001,4.037178810993056,3.712290496104167,1.0404384973333332,1.3250265969791668
GRU,285,1.67545598675,0.67082492025,3.733536323,0.4231473132500001,3.912877609717105,3.5522133605328947,1.1821804881578948,1.277559266256579
GRU,300,2.876481471125,1.462519117875,4.4036285925000005,0.16446675787500004,3.8610578027875,3.4477286484000005,1.3432528933749999,1.2219046408375
GRU,315,3.9695511755,2.2172194354999997,4.8954612619999995,0.32432256749999994,3.8662241538690476,3.3891329715952385,1.5124056728333333,1.1791626373452382
GRU,330,5.112031719875,2.8427960431250003,5.5047701915000005,0.722264752875,3.9228517705056816,3.3642994748465913,1.6938767873181817,1.1583945516875
GRU,345,6.49730696425,3.5574239907499994,6.3428223610000005,1.00108483825,4.034784605016304,3.372696192929348,1.8960048557391305,1.1515549989293479
GRU,360,2.3521251258409364,4.261241158374999,6.779009375299999,1.402766223625,3.9646737933839975,3.409718899822917,2.0994633773875,1.1620221332916667
GRU,375,4.118590285563394,5.079331206,7.32847474,2.107767709,3.970830453071173,3.47650339207,2.308623831892,1.19985195632
GRU,390,0.5881767510991736,4.2112052235,6.016923874875,2.5330410105,3.840728387610712,3.5047611548173077,2.4512507566221156,1.2511284584038462
GRU,405,6.121728485249999,3.0094221810000006,5.27754496975,2.908453412,3.9252098727084626,3.4864152668981485,2.5559283200712963,1.3125108640925927
GRU,420,5.268870733875,2.8953136885,3.9726465246249996,3.3609706135,3.9731977606072677,3.4653044962410715,2.606525398805357,1.3856701408571428
GRU,435,3.9192065474999995,1.8877510960000001,2.7817773194999997,4.024293715,3.9713359946380518,3.4109061031293106,2.6125685684844826,1.4766571606551724
GRU,450,2.830372691125,1.2770220635000005,1.9119727143749998,4.0282633165,3.9333038845209503,3.339776635141667,2.5892153733475,1.5617106991833334
GRU,465,1.8621016547500004,0.6403172109999997,0.6152769092499994,4.411090518,3.866490909367048,3.252697298879032,2.525539939021774,1.6536261772096774
GRU,480,0.3970465383750005,0.45861958150000004,0.18750899587500003,4.7273558195,3.758070772773547,3.1653823702109376,2.4524764720484376,1.74968022853125
GRU,495,0.5757370580000001,0.802014734,1.052901201,4.880815321,3.661636417780409,3.0937651691136363,2.410065100198485,1.844563110121212
GRU,510,0.6278197642500001,1.0668128495,1.060577218625,4.793845955875,3.572406516205985,3.0341489244191178,2.370374280152206,1.9313067232316177
GRU,525,0.6140717505,0.986295125,1.29220823625,4.25257049075,3.4878826657572426,2.975638815864286,2.3395695360407145,1.9976285451607143
GRU,540,0.6856184967500001,0.7503704005,1.158457253875,4.125622465625,3.4100419943959306,2.913825804326389,2.306760861536111,2.0567394873958333
GRU,555,0.8047554429999999,0.938532616,0.7851804115,3.8735507305,3.3396288443582027,2.8604395019391893,2.265637065589189,2.1058424939662164
GRU,570,1.05137058925,0.8094935114999999,0.784341589125,3.619378105375,3.279411521855355,2.806467239032895,2.226655605682237,2.1456723784769736
GRU,585,0.9320248355,0.928311797,0.76433350675,3.39668639025,3.2192221196411155,2.7583094071858976,2.189160167248077,2.1777496608301283
GRU,600,0.8877081217499999,0.9078452025,0.5568306243749999,3.253774595125,3.160934269693837,2.71204780206875,2.14835192867625,2.2046502841875
GRU,615,0.9074268780000001,1.064999978,0.07797512200000001,2.6456719,3.1059706747744755,2.6718759039207316,2.0978549333914636,2.2154069089634145
GRU,630,0.11161802450000013,0.21618692012499996,1.0818618223125,2.1822498140624997,3.0346765640536546,2.613407118592262,2.0736646212229166,2.2146174543229167
GRU,645,0.8126006789999998,0.2849972677500001,1.587044954625,1.315111628125,2.983000380680314,2.559258052293605,2.0623478847904066,2.193698714178779
GRU,660,1.3567681125,0.8111171956250003,2.3953386809375,0.6779372421875001,2.9460405564034886,2.5195275782784092,2.0699158574301135,2.159249589815341
GRU,675,2.193444226,1.5685730535000002,3.40197772725,0.07609394375000011,2.9293161935056333,2.4983952555055557,2.0995172323149998,2.112957242125
GRU,690,2.6404540594999997,1.9407979113750002,4.1324712035625,0.8659286296875,2.9230365818968154,2.4862735741114133,2.1437118838638587,2.0858479244633155
GRU,705,3.3418052929999993,2.486201139250001,4.979672919874999,1.7626817156250003,2.9319465544734786,2.4862720329441492,2.204051480374734,2.078972047679521
GRU,720,4.237228776499999,2.796010527125,5.7321832661875,2.1771700015625,2.9591399340990314,2.4927249182395834,2.2775542259125,2.0810178383854168
GRU,735,4.849912880000001,3.440675785,1.0365375866830369,2.6841323875,2.997727137076602,2.5120708542959185,2.2522273557241435,2.0933262985714287
GRU,750,0.704600173,3.8855963549999997,0.2874966189999999,2.116876803,2.95186459779507,2.53954136431,2.2129327409896606,2.0937973086599997
GRU,765,0.541268118,0.617038161,0.662397414,2.474286286,2.9045980001520295,2.5018452230686274,2.1825300875192752,2.101257876843137
GRU,780,0.057279038999999976,0.223330743,1.80175128,2.439021154,2.849841866283721,2.458027636913462,2.1752074181439047,2.107753324480769
GRU,795,0.12068809626216037,2.6171540558794253,10.563183133688693,2.3220468332081854,2.7983483989248237,2.4610300221769705,2.3334711108900326,2.111796598230343
GRU,810,3.2719689631046207,0.7778169116428063,6.5349466507480285,1.1162928329461785,2.807119150113339,2.4298594090189303,2.4112762134799954,2.0933613433176737
GRU,825,7.240942684,0.270287765209942,4.166217143,3.7363805050000005,2.8877341234567324,2.3905944700405852,2.4431842303803593,2.123234418984625
GRU,840,1.954248102,3.116689445,3.012595222,1.530460618,2.871064730216433,2.403560451736289,2.4533522838021384,2.112649172538471
GRU,855,0.7256859280000001,0.7413742609999999,0.22997153399999992,1.403612793,2.833426505616145,2.3743992904953015,2.4143456039810482,2.100209937809726
GRU,870,2.5170781829999997,3.614586476,4.672067917,1.0524686049999998,2.827972224191729,2.3957818281764167,2.453271850757237,2.082145432071627
GRU,885,1.187294898,2.237878993,3.3078270749999996,0.48975545800000003,2.800164133917293,2.393105508936139,2.4677558376088093,2.0551557714941415
GRU,900,1.945712657,0.955557628,0.936594328,0.700638399,2.7859232759686714,2.3691463775872026,2.4422364791153295,2.032580481952573
GRU,915,0.1530510450870737,2.479871001,4.965185814,3.60261721,2.7427614361181534,2.370961535348069,2.483596304277373,2.0583187889697436
GRU,930,0.482072814,0.657917014,0.813066303,0.094591064,2.70629871640657,2.3433317850037447,2.456652271998706,2.026645761147651
GRU,945,3.7531696779999995,0.238003607,6.016569745,3.196323298,2.722915715796942,2.309913877416384,2.513158898554282,2.045212071256419
GRU,960,1.177338894,2.031359426,1.2996665969999999,0.583062318,2.698766077956365,2.3055614641130027,2.494198081342496,2.022365981361787
GRU,975,1.341296133,1.7994978219999997,0.32878127599999996,1.1315402950000002,2.677881924957036,2.2977758696189565,2.4608839766449195,2.008660970802375
GRU,990,2.2802410149999996,0.884539792,1.65217292,1.572586112,2.6718570626849596,2.276363201776245,2.448630778816966,2.002053775972036
GRU,1005,0.8362301529999999,0.630457048,1.066545642,1.402917589,2.6444596461224976,2.2517974382870474,2.4280026424465633,1.9931114448231995
GRU,1020,6.074762776,4.447664420000001,3.078787099,2.339556044,2.6949052803854023,2.2840895997828263,2.437573002101761,1.9982062183405054
GRU,1035,1.408908809,1.373774176,5.995755867,1.865949389,2.676267650365324,2.2708966226265535,2.4891408697089816,1.9962894526978896
GRU,1050,3.038382801,2.605634157,2.839032176,3.1480578689999996,2.681440723945819,2.275678587403317,2.4941393169417108,2.012743287216491
GRU,1065,1.4955235627431274,3.0056982960000003,3.689587011,6.930260941,2.6647376653373307,2.2859605551300306,2.5109766084073204,2.082004099241611
GRU,1080,5.575427321,2.2550518405,4.372063593,5.3356080079999995,2.7051639105548677,2.2855312674268355,2.5368250387488853,2.127193042418811
GRU,1095,1.714128908,0.9260047449999997,5.015460015,3.459273175,2.6915880886020616,2.266907616434687,2.5707789425331473,2.145440715467868
GRU,1110,6.773538016573091,1.131814749,5.477145911887277,0.9650119779999997,2.7467495741151837,2.2515685236315157,2.6100541718487436,2.1294889757723565
GRU,1125,4.161475545,2.691345076,1.925816969,3.2783940599999997,2.7656125870603145,2.257432210996429,2.6009310091440936,2.144807710228725
GRU,1140,5.075497834,1.7246478200000002,3.200682493,7.761152428999999,2.796005813993731,2.2504218900622655,2.6088224760369347,2.2187069828441364
GRU,1155,1.152555298,6.741305551,9.11575122,1.30324289,2.774662300799007,2.3087450544900285,2.693328044140351,2.2068178387812254
GRU,1170,0.767357736,1.1138406650000001,3.986434783,2.612852604,2.748927626891328,2.2934257674452843,2.7099063356641926,2.2120234126942866
GRU,1185,1.7507869189999998,1.114583171,1.8843232630000002,2.826535599,2.7362929343863747,2.2785037092624325,2.6994559170228736,2.2198020479639795
GRU,1200,1.4485069210000001,1.12962364,3.265293793,2.352996935,2.7201956092190445,2.264142708396652,2.7065288904725877,2.2214669840519297
GRU,1215,3.902444224,4.324077829,4.689194136999999,2.1582807489999998,2.7347912711299207,2.289574006181879,2.7310062391951484,2.22068690707598
GRU,1230,4.704941379,5.307910423,5.535612701,1.5114904070000001,2.7588174919576045,2.326382986874783,2.765208757022037,2.212038169270175
GRU,1245,3.9878289469999997,4.979600238,1.8082683400000006,1.2761799150000002,2.7736248588858263,2.3583494597799057,2.7536793544073137,2.200762768616318
GRU,1260,0.8927830571591525,2.7056051677882165,6.2201851851881855,0.23118096617959716,2.7512338850557465,2.3624834563038144,2.794947280964229,2.177315366206357
GRU,1275,0.2759357498724951,1.0907587478196583,5.566002196629955,3.6433231370000003,2.722112730524179,2.3475219891451773,2.827547927030884,2.1945625164509877
GRU,1290,1.4409380431744592,2.1228024857748444,5.220076518000001,5.37396125,2.7072153504387173,2.3449089716641267,2.855368026925874,2.231532269166674
GRU,1305,0.7990628984082049,0.23519256491956703,4.9796021710374365,4.350827233,2.6852825636337685,2.3206593577934997,2.8797845113409495,2.255891981394643
GRU,1320,0.2926710911937015,0.7465209563410985,3.7204207537048557,0.03737378697691629,2.658093796901495,2.3027714214133588,2.8893371959132668,2.230681547367169
GRU,1335,1.3985684204976072,1.80666996972614,0.005733431281360835,0.3338290881335776,2.6439418263801033,2.2971972477988953,2.8569371536140316,2.2093685983870164
GRU,1350,2.4871743889999998,1.761597281,4.036090022,0.34240106000000003,2.642199965964769,2.2912461370566857,2.8700388521516533,2.188624514627161
GRU,1365,2.695189797,2.404314205,6.3523059790000005,0.593014072,2.642782271800321,2.292488643297821,2.9083055238752618,2.17109033393895
GRU,1380,0.44250199199999996,0.8955005249999999,1.240128908,0.583574345,2.618866181802491,2.277303989838062,2.8901731693548784,2.153834725363527
GRU,1395,3.424817965,2.862558408,1.5524726050000002,1.3270312499999999,2.627532330008916,2.283597048097868,2.8757892923188044,2.144944365413381
GRU,1410,1.91695324,2.35679565,0.753339904,0.5231210860000001,2.6199729779875445,2.2843757566287417,2.8532100435069023,2.127690926270686
GRU,1425,0.41746361200000015,0.11984356800000029,0.951977552,0.715985314,2.5967886688718864,2.261591207274755,2.8331970699120927,2.1128308671941523
LSTM,15,3.7506752743333336,3.7352149046666683,0.4001903849999997,2.1162957906666664,3.7506752743333336,3.7352149046666683,0.4001903849999997,2.1162957906666664
LSTM,30,4.089141799916667,3.953403474458334,0.6250001509999994,2.030870700583333,3.919908537125,3.8443091895625012,0.5125952679999995,2.0735832456249996
LSTM,45,4.505154225500001,4.01802894425,0.5987390569999996,2.0809368105,4.114990433250001,3.902215774458334,0.541309864333333,2.0760344339166665
LSTM,60,4.6702158510833325,4.177466114041668,0.4886885629999992,2.4096284204166665,4.253796787708334,3.9710283593541673,0.5281545389999995,2.1594329305416666
LSTM,75,4.893916676666667,4.473883483833334,0.32458606899999976,2.464312630333333,4.3818207655000005,4.071599384250002,0.4874408449999995,2.2204088704999996
LSTM,90,5.35534040225,4.5255323536250005,0.27552707500000007,2.35204284025,4.544074038291667,4.147254879145835,0.452121883333333,2.242347865458333
LSTM,105,5.401795227833333,4.942675523416667,0.19682318100000074,2.240628050166667,4.66660563679762,4.260886399755953,0.4156506401428569,2.2421021775595236
LSTM,120,5.4408765534166665,5.054244993208333,0.03484951299999972,2.369368460083334,4.763389501375,4.360056223937501,0.3680504992499998,2.258010462875
LSTM,135,5.8781907790000005,5.268069963,0.2185438070000001,2.17334677,4.887256310000001,4.46094663938889,0.35143864455555535,2.248603385888889
LSTM,150,5.229310559375,4.7020770795,0.40910357937499997,2.302320608,4.9214617349375,4.485059683400001,0.3572051380374998,2.2539751080999997
LSTM,165,4.29125619975,4.487250196,0.62687406575,1.861632646,4.864170322647727,4.485258820909092,0.3817204951022726,2.2183076115454545
LSTM,180,3.781761360125,3.4055126125,0.992130652125,1.858428484,4.773969575770834,4.395279970208334,0.4325880081874998,2.18831768425
LSTM,195,3.0860594004999995,3.1224634289999997,1.0685507384999997,1.698566322,4.64413033151923,4.2973710055000005,0.48150821821153833,2.1506445025384617
LSTM,210,2.326111930875,2.2879744454999997,1.7393227248749998,1.41474331,4.478557588616072,4.153842679785714,0.5713521115446427,2.098080131642857
LSTM,225,1.6710929612499994,1.6998592019999998,1.9049366112499997,0.992944178,4.291393280125001,3.9902437812666673,0.6602577448583331,2.0244044014
LSTM,240,0.6895771416250001,1.1481509784999995,2.336492097625,0.904484793,4.06627977146875,3.8126129810937504,0.7650223919062498,1.954409425875
LSTM,255,0.00832129199999998,0.8692080649999999,2.4855069839999997,0.630384174,3.8275763315000004,3.6394715154411763,0.8662273679117645,1.8765255875294118
LSTM,270,1.1337813723749999,0.030022932625,3.0451848535000003,0.13480828862500005,3.6779210559930555,3.4389465941736113,0.9872805615555554,1.7797635153680555
LSTM,285,2.23751610075,0.9217145202499999,4.049717922999999,0.5028641967499998,3.602110268875,3.3064606955460527,1.1484614753157893,1.7125582880723684
LSTM,300,3.3068438431250002,1.8552026778750002,4.4197741925,0.7436851821250001,3.5873469475874997,3.2338977946625,1.312027111175,1.664114632775
LSTM,315,4.487059085499999,2.5677100854999995,5.255015962,0.9986716675,3.6301903827261905,3.2021745704166666,1.4997884850238092,1.6324268725238096
LSTM,330,5.585221229875,3.2278003931250003,5.3894551315,1.344859552875,3.7190554212329543,3.203339380539773,1.6765915144090906,1.6193556307215908
LSTM,345,6.4937494642499995,4.1061076407499995,6.2949224610000005,2.00172553825,3.839694292668478,3.2425901744619567,1.8773885120869565,1.6359804093097825
LSTM,360,2.799137515840936,4.777756052375,7.0959670205,2.176644723625,3.796337760300664,3.306555419375,2.0948292832708333,1.6585080890729167
LSTM,375,4.709993795563394,5.635310456,7.79819274,2.555144909,3.832884001711173,3.39970562084,2.3229638215399997,1.69437356187
LSTM,390,0.17626491290082646,4.9533390795,6.437653134875,2.8510990105000005,3.6922448059876984,3.459460753865385,2.4812211028221154,1.7388630022019231
LSTM,405,6.671575420249999,4.339793291,5.39137064975,3.231603812,3.802590384293709,3.492065662648148,2.5890044193749997,1.794149698861111
LSTM,420,5.825138773875,3.7908124584999996,3.772957724625,3.8315886135,3.874824255350184,3.502735191071429,2.6312884659910716,1.8669153743839286
LSTM,435,4.7381932575,3.063649666,2.3766774195,4.084596015,3.9045956002519016,3.4875943108965517,2.6225087747327587,1.943387120612069
LSTM,450,3.763451131125,2.6497785535000005,1.3554000143749998,4.3596556164999996,3.8998907846143385,3.4596671189833335,2.5802718160541662,2.0239294038083333
LSTM,465,2.4522638547500004,1.5749081309999997,0.39042610924999943,4.644591718,3.853193141715489,3.398868441951613,2.5096316319637095,2.1084668978145165
LSTM,480,1.1390022483750004,1.0056464585,0.8980765958749999,5.0442491195,3.7683746762985986,3.32408025496875,2.4592705370859376,2.2002100922421874
LSTM,495,0.5847441419999999,0.177472926,2.249343901,5.343978521,3.6719010237440957,3.228728517727273,2.452909123871212,2.295475802204545
LSTM,510,0.08155877574999991,0.1181012755,1.898471418625,5.256562055875,3.566302722332505,3.137239481191177,2.436602132540441,2.3825665743713236
LSTM,525,0.0621257595,0.155743335,2.18618973625,5.28817689075,3.46618338053729,3.0520538770142855,2.4294474926464287,2.4655840119821426
LSTM,540,0.15288576674999999,0.09582609049999999,2.150936753875,4.805081125625,3.3741473357098655,2.9699364385,2.421711083236111,2.5305700429166667
LSTM,555,0.368793273,0.10249820600000001,2.2319430715,4.9007239605,3.2929215502312204,2.892438107891892,2.416582218054054,2.594628256905405
LSTM,570,0.46716428925,0.0385641155,2.0929447891249997,4.564222695375,3.218559517047504,2.817336160723684,2.4080654436085527,2.6464596894967105
LSTM,585,0.4963435355,0.567654827,1.72431380675,4.35578943025,3.148759107264235,2.7596520239615385,2.3905333503557693,2.6902886572083333
LSTM,600,0.8025582417499999,0.41675013250000004,1.7952855243749999,4.112023815125,3.0901040856263786,2.701079476675,2.3756521547062497,2.72583203615625
LSTM,615,0.735313258,0.501060818,1.430884842,3.963139907,3.0326701630013453,2.647420485,2.3526090495182923,2.7560102769085364
LSTM,630,0.07751939450000012,0.08976203987499998,2.4293044883125,3.0063919540625,2.96230943041798,2.5865238553541667,2.3544351313943452,2.761971745412202
LSTM,645,0.2977950989999998,0.2968974377500002,3.088466934625,2.2552487281249998,2.9003439808501197,2.5332767293633722,2.371505638446221,2.7501874891962212
LSTM,660,0.9356552225,0.5915454956250004,3.9208428409375,1.5679956421874999,2.85569196361489,2.4891464740511364,2.40671784759375,2.7233194926732955
LSTM,675,1.6420793260000002,1.1104283535000004,4.51914772725,0.6170606562499998,2.8287227938901145,2.4585082935944444,2.4536607338083334,2.6765137407527777
LSTM,690,2.3909884894999998,1.798586811375,5.6099735235625,0.5683524103125,2.819206830751199,2.444162174415761,2.5222762292377716,2.6306841466127717
LSTM,705,2.528086952999999,2.056515269250001,6.629534119874999,0.3787431156250003,2.813012790799046,2.4359143679228725,2.6096646949960105,2.582770507655585
LSTM,720,3.5707666164999994,2.427255927125,7.0742364261874995,1.4367628015625,2.828799328834482,2.4357339837395835,2.7026766060625,2.5588953471119793
LSTM,735,4.090499980000001,3.218288285,0.260837286683037,1.8232354875,2.854548321715411,2.4517044796836736,2.65284315056496,2.5438818805892858
LSTM,750,1.444612433,3.939197355,0.28207851100000003,1.691441503,2.826349603941103,2.48145433719,2.6054278577736607,2.5268330730375
LSTM,765,0.0862900820000001,0.580543161,0.10905001399999992,2.235588286,2.77262294664814,2.444181569029412,2.556479272601628,2.521122390938725
LSTM,780,0.5436183609999999,0.2752573429999998,1.6831949800000001,1.733331554,2.7297574738472146,2.4024714877596156,2.5396853438977507,2.5059725671514426
LSTM,795,0.6036541462621605,2.7715241558794252,10.561280333688693,1.7660342332081853,2.689642316722968,2.409434745648668,2.6910361927617306,2.492011466511004
LSTM,810,2.6173086631046205,0.5261158116428063,6.415063450748028,0.6349838329461786,2.688302804618925,2.374558469093005,2.7599996605022175,2.4576220658894328
LSTM,825,7.505929514,0.17576376520994197,4.582476143,3.9615599050000005,2.775896017516762,2.334580383567858,2.793135596547632,2.4849663902368975
LSTM,840,2.319334802,2.8042775449999997,3.3951964219999997,1.658962718,2.7677431386682487,2.3429678328791463,2.803886682716424,2.4702163246612385
LSTM,855,0.421156968,0.6650962609999999,0.7600755659999998,1.375864193,2.7265749602354723,2.313531489512845,2.7680303473354346,2.451017164456655
LSTM,870,2.715643533,3.756188476,5.886645317,1.053858805,2.7263864873521024,2.338404885831589,2.8217995709503407,2.426928227224644
LSTM,885,1.308334198,2.1812702330000002,4.0826536749999995,0.658454858,2.7023517027868125,2.335741586631054,2.8431699794935548,2.3969541023225314
LSTM,900,1.545831557,0.952110628,0.05477742799999996,1.004553599,2.6830763670236992,2.3126810706538694,2.7966967703019963,2.373747427267156
LSTM,915,0.42123099508707373,2.773573261,6.431175714,3.2499002800000003,2.645996934696869,2.320236680331675,2.856278392329832,2.3881105887873666
LSTM,930,0.8005215640000001,0.804394014,2.035283603,0.22963060400000002,2.6162312029114356,2.2957876050682606,2.8430365408890284,2.3532963954843447
LSTM,945,4.315043857999999,0.510987858,7.181415145,3.4784008479999997,2.6431964831509367,2.2674574503528917,2.911899693335234,2.3711551963179263
LSTM,960,1.595668849,2.000092236,2.622059267,0.13611901799999998,2.626828863867328,2.263279868878628,2.907370936673746,2.3362327560317087
LSTM,975,1.661002393,2.3429023719999997,0.781094624,0.5851388949999999,2.611969995084754,2.2645048304651105,2.8746589934018423,2.309292850477375
LSTM,990,2.085218275,0.534861432,3.03999311,1.0230298119999999,2.603988908416803,2.238298112306548,2.8771640557745415,2.289804016561051
LSTM,1005,1.474616933,1.178021528,2.047140312,0.705060389,2.5871326102762535,2.222473088660182,2.8647756416883543,2.266151126597453
LSTM,1020,5.226224406,4.02695615,2.1108592990000004,1.695150444,2.6259427837427793,2.2490096042681205,2.85368863664882,2.2577540577357262
LSTM,1035,0.681283309,0.8386049760000001,5.125105277,1.141119189,2.5977593130943335,2.2285689574816256,2.88660771839304,2.241570943696078
LSTM,1050,2.154465471,1.763686057,1.589578036,1.939586769,2.5914265439215574,2.221927773189031,2.868078722930282,2.237256884057562
LSTM,1065,0.7718511627431274,2.347414106,2.524140671,6.031507941,2.5657987216514386,2.223695186327214,2.863234525015771,2.290697039789146
LSTM,1080,4.458610291,1.1669818404999999,3.403274659,3.9156583080000003,2.592087771225724,2.2090186120796136,2.8707350824322186,2.313265946292075
LSTM,1095,0.6156008079999999,0.055990095000000295,3.904609215,2.371994675,2.5650126073459196,2.1795250707497558,2.8848977417824626,2.31407044942506
LSTM,1110,5.606668516573091,0.05186235099999997,4.718150071887277,1.9842630779999997,2.606116065578719,2.150772871834219,2.909671421919014,2.309613593054451
LSTM,1125,2.507213615,1.515595876,1.193803309,2.28379896,2.6047973662376696,2.1423038452230956,2.8867931804134273,2.309269397947058
LSTM,1140,3.7225591340000004,2.94751237,2.4955346929999997,6.9400815289999995,2.619504757918753,2.1528986942333184,2.881645042421145,2.3702011365135442
LSTM,1155,0.41707389799999994,5.311993911,8.246554419999999,2.1736704899999997,2.59090175973799,2.1939259048406776,2.9513191901819096,2.367648790454927
LSTM,1170,0.035525494000000046,0.12780723499999996,3.145803583,1.9404966039999998,2.558140525561862,2.1674372039452843,2.9538125798334236,2.362172480372171
LSTM,1185,0.885739319,0.220621419,2.5517148630000004,2.432309799,2.5369708900357626,2.142793966161167,2.9487227353165446,2.3630602945320174
LSTM,1200,0.26968066100000004,0.13559937,3.0762002930000003,1.8570300350000002,2.5086297621728155,2.117704033709152,2.9503162047875877,2.3567349162878672
LSTM,1215,3.295619484,3.065192193,4.413775337,1.800547549,2.5183456846645087,2.129401418391755,2.9683836014815683,2.3498684055806094
LSTM,1230,4.211280469,4.261663333,5.385326301,1.9133953070000003,2.5389912308149416,2.155404612472344,2.9978585124513053,2.344545562914992
LSTM,1245,3.344984352,4.230525828,1.5884237400000005,1.3288168150000002,2.5487019913111473,2.1804060729003876,2.9808773706145426,2.33230786715698
LSTM,1260,0.5428171551591525,2.1842336877882165,6.080774685188185,0.3565884661795973,2.5248224099283854,2.18045163974429,3.0177809100737525,2.3087873980977256
LSTM,1275,0.38560125987249505,1.5321476478196583,5.561748596629955,3.960172297,2.499655102280669,2.172824533956942,3.0477099416802966,2.32821545573187
LSTM,1290,1.3039711631744593,1.6106038507748441,5.248163918,5.49233524,2.485751800663155,2.166287084152499,3.0732966158235486,2.365007546246616
LSTM,1305,0.841363398408205,0.13449513508043298,5.376635471037436,4.212730433,2.466850784545282,2.1429331537033947,3.0997717750788807,2.3862457403472295
LSTM,1320,0.13088046880629856,0.9403669563410985,3.745600153704856,0.28452980097691627,2.4403056673209753,2.1292676287333685,3.1071107339269033,2.3623626046725668
LSTM,1335,1.1726931604976074,2.0738047697261397,0.21873973128136082,0.19813874186642239,2.4260628301656566,2.128644450542276,3.074657127155605,2.338045482618565
LSTM,1350,1.803146989,1.326186981,3.952128322,0.5617700800000001,2.419141543041594,2.1197282564362507,3.08440680709832,2.3183090892561364
LSTM,1365,2.257398797,1.641840145,6.5483722790000005,0.702835042,2.4173641502279497,2.11447673872816,3.1224723617346024,2.300556627198377
LSTM,1380,0.660792708,0.10877312500000014,1.323776008,0.608130005,2.398270982377646,2.0926756124919845,3.1029213144114003,2.2821606856527423
LSTM,1395,2.365185665,2.113404208,1.6954847050000001,1.5638922499999999,2.3979152262768113,2.0928985006157266,3.087787587428482,2.2744373691403474
LSTM,1410,0.84478554,1.25911125,1.1345527039999999,0.965375836,2.3813925700398237,2.0840284234815165,3.0670084929239234,2.2605111826175777
LSTM,1425,1.400905912,1.212577232,0.779495582,1.2071950439999999,2.3710716578499307,2.074855253044869,3.0429294096510406,2.24942364431634
